/*
Navicat MySQL Data Transfer

Source Server         : local
Source Server Version : 50555
Source Host           : 127.0.0.1:3306
Source Database       : scada

Target Server Type    : MYSQL
Target Server Version : 50555
File Encoding         : 65001

Date: 2019-08-04 17:41:52
*/

SET FOREIGN_KEY_CHECKS=0;

-- ----------------------------
-- Table structure for sys_dept
-- ----------------------------
DROP TABLE IF EXISTS `sys_dept`;
CREATE TABLE `sys_dept` (
  `dept_id` bigint(20) NOT NULL COMMENT '主键id',
  `pid` bigint(20) DEFAULT '0' COMMENT '父部门id',
  `pids` varchar(512) COLLATE utf8_bin DEFAULT '' COMMENT '父级ids',
  `simple_name` varchar(45) COLLATE utf8_bin DEFAULT NULL COMMENT '简称',
  `full_name` varchar(255) COLLATE utf8_bin DEFAULT NULL COMMENT '全称',
  `description` varchar(255) COLLATE utf8_bin DEFAULT NULL COMMENT '描述',
  `version` int(11) DEFAULT NULL COMMENT '版本（乐观锁保留字段）',
  `sort` int(11) DEFAULT NULL COMMENT '排序',
  `create_time` datetime DEFAULT NULL COMMENT '创建时间',
  `update_time` datetime DEFAULT NULL COMMENT '修改时间',
  `create_user` bigint(20) DEFAULT NULL COMMENT '创建人',
  `update_user` bigint(20) DEFAULT NULL COMMENT '修改人',
  PRIMARY KEY (`dept_id`) USING BTREE
) ENGINE=InnoDB DEFAULT CHARSET=utf8 COLLATE=utf8_bin ROW_FORMAT=DYNAMIC COMMENT='部门表';

-- ----------------------------
-- Records of sys_dept
-- ----------------------------
INSERT INTO `sys_dept` VALUES ('24', '0', '[0],', '总公司', '总公司', '', null, '1', null, null, null, null);
INSERT INTO `sys_dept` VALUES ('25', '24', '[0],[24],', '开发部', '开发部', '', null, '2', null, null, null, null);
INSERT INTO `sys_dept` VALUES ('26', '24', '[0],[24],', '运营部', '运营部', '', null, '3', null, null, null, null);
INSERT INTO `sys_dept` VALUES ('27', '24', '[0],[24],', '战略部', '战略部', '', null, '4', null, null, null, null);

-- ----------------------------
-- Table structure for sys_dict
-- ----------------------------
DROP TABLE IF EXISTS `sys_dict`;
CREATE TABLE `sys_dict` (
  `dict_id` bigint(20) NOT NULL COMMENT '字典id',
  `dict_type_id` bigint(20) NOT NULL COMMENT '所属字典类型的id',
  `code` varchar(50) COLLATE utf8_bin NOT NULL COMMENT '字典编码',
  `name` varchar(255) COLLATE utf8_bin NOT NULL COMMENT '字典名称',
  `parent_id` bigint(20) NOT NULL COMMENT '上级代码id',
  `parent_ids` varchar(255) COLLATE utf8_bin DEFAULT NULL COMMENT '所有上级id',
  `status` varchar(10) COLLATE utf8_bin NOT NULL DEFAULT 'ENABLE' COMMENT '状态（字典）',
  `sort` int(11) DEFAULT NULL COMMENT '排序',
  `description` varchar(1000) COLLATE utf8_bin DEFAULT NULL COMMENT '字典的描述',
  `create_time` datetime DEFAULT NULL COMMENT '创建时间',
  `update_time` datetime DEFAULT NULL COMMENT '更新时间',
  `create_user` bigint(20) DEFAULT NULL COMMENT '创建人',
  `update_user` bigint(20) DEFAULT NULL COMMENT '修改人',
  PRIMARY KEY (`dict_id`) USING BTREE
) ENGINE=InnoDB DEFAULT CHARSET=utf8 COLLATE=utf8_bin ROW_FORMAT=DYNAMIC COMMENT='基础字典';

-- ----------------------------
-- Records of sys_dict
-- ----------------------------
INSERT INTO `sys_dict` VALUES ('1106120532442595330', '1106120208097067009', 'M', '男', '0', '[0]', 'ENABLE', null, '', '2019-03-14 17:11:00', null, '1', null);
INSERT INTO `sys_dict` VALUES ('1106120574163337218', '1106120208097067009', 'F', '女', '0', '[0]', 'ENABLE', null, '', '2019-03-14 17:11:10', null, '1', null);
INSERT INTO `sys_dict` VALUES ('1106120645697191938', '1106120265689055233', 'ENABLE', '启用', '0', '[0]', 'ENABLE', null, '', '2019-03-14 17:11:27', null, '1', null);
INSERT INTO `sys_dict` VALUES ('1106120699468169217', '1106120265689055233', 'DISABLE', '禁用', '0', '[0]', 'ENABLE', null, '', '2019-03-14 17:11:40', null, '1', null);
INSERT INTO `sys_dict` VALUES ('1106120784318939137', '1106120322450571266', 'ENABLE', '启用', '0', '[0]', 'ENABLE', null, '', '2019-03-14 17:12:00', null, '1', null);
INSERT INTO `sys_dict` VALUES ('1106120825993543682', '1106120322450571266', 'FREEZE', '冻结', '0', '[0]', 'ENABLE', '1', '', '2019-03-14 17:12:10', '2019-03-16 10:56:36', '1', '1');
INSERT INTO `sys_dict` VALUES ('1106120875872206849', '1106120322450571266', 'DELETED', '已删除', '0', '[0]', 'ENABLE', '-1221', '', '2019-03-14 17:12:22', '2019-03-16 10:56:53', '1', '1');
INSERT INTO `sys_dict` VALUES ('1106120935070613505', '1106120388036902914', 'Y', '删除', '0', '[0]', 'ENABLE', '23333', '', '2019-03-14 17:12:36', '2019-03-16 10:58:53', '1', '1');
INSERT INTO `sys_dict` VALUES ('1106120968910258177', '1106120388036902914', 'N', '未删除', '0', '[0]', 'ENABLE', '1212211221', '', '2019-03-14 17:12:44', '2019-03-16 10:59:03', '1', '1');
INSERT INTO `sys_dict` VALUES ('1106751061042974722', '1106120322450571266', '11212', '122', '0', '[0]', 'ENABLE', '1212', '122112', '2019-03-16 10:56:30', null, '1', null);
INSERT INTO `sys_dict` VALUES ('1106751747772166145', '1106120388036902914', '12312', '3123123', '1106120968910258177', '[0],[1106120968910258177]', 'ENABLE', '123', '', '2019-03-16 10:59:14', null, '1', null);

-- ----------------------------
-- Table structure for sys_dict_type
-- ----------------------------
DROP TABLE IF EXISTS `sys_dict_type`;
CREATE TABLE `sys_dict_type` (
  `dict_type_id` bigint(20) NOT NULL COMMENT '字典类型id',
  `code` varchar(255) COLLATE utf8_bin NOT NULL COMMENT '字典类型编码',
  `name` varchar(255) COLLATE utf8_bin NOT NULL COMMENT '字典类型名称',
  `description` varchar(1000) COLLATE utf8_bin DEFAULT NULL COMMENT '字典描述',
  `system_flag` char(1) COLLATE utf8_bin NOT NULL COMMENT '是否是系统字典，Y-是，N-否',
  `status` varchar(10) COLLATE utf8_bin NOT NULL DEFAULT 'ENABLE' COMMENT '状态(字典)',
  `sort` int(11) DEFAULT NULL COMMENT '排序',
  `create_time` datetime DEFAULT NULL COMMENT '添加时间',
  `create_user` bigint(20) DEFAULT NULL COMMENT '创建人',
  `update_time` datetime DEFAULT NULL COMMENT '修改时间',
  `update_user` bigint(20) DEFAULT NULL COMMENT '修改人',
  PRIMARY KEY (`dict_type_id`) USING BTREE
) ENGINE=InnoDB DEFAULT CHARSET=utf8 COLLATE=utf8_bin ROW_FORMAT=DYNAMIC COMMENT='字典类型表';

-- ----------------------------
-- Records of sys_dict_type
-- ----------------------------
INSERT INTO `sys_dict_type` VALUES ('1106120208097067009', 'SEX', '性别', '', 'Y', 'ENABLE', '4', '2019-03-14 17:09:43', '1', null, null);
INSERT INTO `sys_dict_type` VALUES ('1106120265689055233', 'STATUS', '状态', '', 'Y', 'ENABLE', '3', '2019-03-14 17:09:57', '1', null, null);
INSERT INTO `sys_dict_type` VALUES ('1106120322450571266', 'ACCOUNT_STATUS', '账号状态', '', 'Y', 'ENABLE', '21112', '2019-03-14 17:10:10', '1', '2019-03-16 10:56:15', '1');
INSERT INTO `sys_dict_type` VALUES ('1106120388036902914', 'DEL_FLAG', '是否删除', '', 'Y', 'ENABLE', '2', '2019-03-14 17:10:26', '1', '2019-03-27 16:26:31', '1');

-- ----------------------------
-- Table structure for sys_file_info
-- ----------------------------
DROP TABLE IF EXISTS `sys_file_info`;
CREATE TABLE `sys_file_info` (
  `file_id` varchar(50) COLLATE utf8_bin NOT NULL COMMENT '主键id',
  `file_data` text COLLATE utf8_bin COMMENT 'base64编码的文件',
  `create_time` datetime DEFAULT NULL COMMENT '创建时间',
  `update_time` datetime DEFAULT NULL COMMENT '修改时间',
  `create_user` bigint(20) DEFAULT NULL COMMENT '创建用户',
  `update_user` bigint(20) DEFAULT NULL COMMENT '修改用户',
  PRIMARY KEY (`file_id`) USING BTREE
) ENGINE=InnoDB DEFAULT CHARSET=utf8 COLLATE=utf8_bin ROW_FORMAT=DYNAMIC COMMENT='文件信息表';

-- ----------------------------
-- Records of sys_file_info
-- ----------------------------
INSERT INTO `sys_file_info` VALUES ('1', 0x2F396A2F34414151536B5A4A5267414241514141415141424141442F3277424441414D434167494341674D434167494441774D44424159454241514542416747426755474351674B43676B4943516B4B4441384D4367734F43776B4A4452454E44673851454245514367775345784951457738514542442F3277424441514D4441775144424167454241675143776B4C454241514542415145424151454241514542415145424151454241514542415145424151454241514542415145424151454241514542415145424151454241514542442F774141524341426A414751444153494141684542417845422F38514148414141416749444151454141414141414141414141414141416B4843415547436751442F3851415042414141514D4441674D474241514542416341414141414151494442415547455141484342496843524D554D554668496A4A5263534E79675A45564669524346304F436F526853596E4F446F73482F78414158415145424151454141414141414141414141414141414141415149442F3851414768454241514542415145424141414141414141414141414141454345514D7849662F61414177444151414345514D524144384161686F7A6F306141305A30615870326A586146794E6D692F7378733155577A643737654B6E553059554B5968512B52487033704872366143796E455478716243384E454E78463958516D58572B546D616F644E355835712F707A4A79413250645A48746E5337397975326D3363713074786E613362693337666735495137556C4F54704A486F63676F624832355439394C77724E61713178564F525771375570452B664C634C723869513456754F4C4A79535365704F64654C51576F72666164386131616C4B6B4465425542424A4B57596449684E6F54374438484A2F556E575773727456654D6930356F6B564F2B34467A522F574C567154484B442F725A51687A2F3231566D307254726C37334A5337557432457554554B784F5970305A414277586E6C68434154365A4A2F594836617839516779615A4F6B5536593257333472716D58556E2B315354676A39786F473838506E6248325464302B4C626D2F466F43315A5568535778574B61745430454B50713432724C6A593977562F70706956417543683354523474775733566F74537073356F5052705556304F4E4F6F506B557148513635626768525356684A4B552B5A783047726238436648586433445064305732626B6E79616C742F556E6B747A494C69697277525563642B7A6E355350556552476766566F31346148573658636C47685842524A6A63754255574553597A375A796C787459796B6A39447233614130614E47674E476A526F495934764E39345844747352635734546A794531424C42695570736E71354C634243415074352F70726E577231647256333136666356646D757A616A555831795A4C37717371577452795354706B66624A626B316D3539787252324F6F4B486E6D365A4556565A5444597A7A764F444B546A31416247644C6370555876496C526C354749374B556E2F576F4A2F2B36444B56326951615A6231757834374B6E6174566B4F546E696E722B4570584979674436355134543930367354754E7769566A61665A7A626D695643694F31446466642B717056417079556B71675539744B634E59394846754F736C522F7453435072714E7262744738617876585432374D32396E337135536842636270305A745A5137694F326F4A4B6B6A34527A456E39394E5234544E6E4F49713674324C653353346C3744706C4368324C525A7361316F7A4B38754E507933472B626E5370536C5A53684C6E78452B612F59614447385048424C6232792B374731396E4F4D4D7A5A31705547586546797A776A496C3165516F526F714154354E744A524C354239636E7A4F6C2B646F3173524B3251346D4C6945614770716858533871743074595468484B38655A7873666B57564A7839414E506D6A3276436A336850764A4C717A4C71464E695578614438715734377368784A4875544B586E3744554763632F44525A48455A73334F6A33464954546172627254732B6C31514E6C536D466850784955414D71517241424139635930436B4E683967663536344F39374E304445377952516E34486846465055426B6C626E4B66634F67483761717870756E4348554E724C4A3445726E322F75437449666E3152797178717A3344536C6542645746434F5A43635A62536349776F6A476C4E7630734E66784542344B38413733665471466A6E4B6367364233485A4C377750626A384E58386F314F5770366F57524F56542F69566C58686E4D72612F77422B63666F4E5862306F4C7354726E6B73627058395A2F4F664479364533554F58304C6A6237614166326356707676766F44526F30614130614E476770507865384E317630397A645469647155744D36347046754A70567677385A4C536979686F68494936754657536E6C3639644C72344C75464A4F362B3864543255336E706477577434366B436F4A53754D574A4A44537773594467386C41455A78707858454647714D61625A31324B6F7332725557333669374A7144454F43354E635A6355337973536644743557366C7457535167465744302B75734E744457323774754B5A64467A31574458616A4251493843717562667A614174684C687757473545746169396E31536A4876724F746353317275367459323534412B475374585474335A6A436C55654F78476A685179394D6C4C556C6C70636833484D6F42525354394144674456522B414874434F49626558694567625558386D6E31756D584E496D54584A43474330756D7474525848416876427833664D326759566B2F456570794E4D4D33523237737665617A4B74746A66744E564F6F315961377151326C5253704A42356B72536F664B704B6746412F55445561634C2F4135736C77735669705848594C4E5771466171544A6A4B7146576B4965645A6A6C5155576D2B52434570424B55354F4354676463644E597A36532F567562696671796D6C3538666E614E33357732376E7462543762327A52354D70694C476E545A38395331387650384146335162546A7A51552F467A65766C706851566B665456452B4F3373353550464666634C6379794C32675547742B46524371444E525A63557849516A6F68784B6B4171536F4A776E484C67344855613657794857486F6461744C696932706A63584F7A31734D55693936476C63573736493267647A57496F4839564765534268303868557443694D365672666475524B4C62466375566D4771493358376C656A302B4F74484B55524779707734487079714B55485478754472686E702F436C74614E765762694662714575557164555A67613770446A79686A4345456B6849417743546B2B3271756278396D7665652F39794B444E36553630714E516E70716D46757731795631435A4A65377835304A4252794E2F4B416F6B6B39656D737A63715873764B6A627354624F6C763769332F6670625634534A523271587A5936643636386877445035576C616274717048415273776E685A6F645A32457568544C743179483131372B497877544771634C4B573071614A77724C5A49436B7141494C67786B646457333174526F306466726F30426F30617831773342534C566F5651755376545734644F706B6479564B66634F4574744953564B4A2F51614452392F742F747665484C622B5A7544754655777A4861425246696F494C38312F4755744E70395366552B51485536577A736E786B623638616E45314A73524E6261746D334B6853706A6C4C7054434F64754D38776E765758564C364B55357A4A475665574351426A56564F4E76697375446969335A6D3167796E6D7257704C7134744367383377495A42783370487174654D6B2B2B7248646A427430395639344C6F3349655A2F7071425376427375592F7A336941526E386D64446E5454374B75655A576162436A5864545761446379304B456D6C75535731724B6B64464F4E63716956744539556E414F4431414F747845564C6A4C6A4B3838726953685746464A77666F5231476F2B333966327570646953713375646262465A6952464945574C3349636B5053567143476D3250554F4B576F4A54676A7164523351724376616E576975344B5A64313932544B615A58494E445A72434B37794A43655A4C6150476F556B4B49774F514141486F446A72726E4D53587158742B7466712F434664467A7A46576A63315970302B32574878346534706B71564A72796F4F515578634B55476B4F704755654B7970616B34504B462F48717A71594C634347784359356933486253306A6D5556486C41774D6B395364527074566431324A7461723175384C706C56324C47666363695458344C44436E5969454251635347457053734B4279434231394F6D6F6D6A376B38512B3956586D327062463457725A4B6E61624672724349384279624A4543537059615A646637304A6164495153655647527A41704F4E5857657771654B6A643144703132774C5069465532757A6833796F725078474D77504E35342F7743576A304765716A355A776459532F77436C374A3252634D486343366248446C774C63356F3153707473794A30307241386C4F526D5671412F4F514E65505977322F6256516E5748564C52586239344A54347561342F4A564C56566B2B586955536C2F47384D2B595638536674313134654F50753275457A633653567262636A30435136307443796853567047556B4545487A314D2B636936743165316D4C4A6A334466384175656E644B703235506F4E45704E4B647064486A564641626C7931764F4957354957324353306B42734A536C5878486D4A4947426D58645546374B506975723238316A565061692F367937556269744A744C30535649587A4F79494249546852505652516F70475431776F6654562B746443546730614E47674E4C6E375948694F657379774B5A7350626B3474564736783479716C7457464A676F56684B442B6461546E32535072706A477565586A2F414E30487431754B792B61794A50665171624F4E4967344F553978482F4442483335536675644258625431657A5232745A324C3454577276754E6F51356C7839375870716E42676F59536B393046665A494A2F5853697545335A53647637767A612B336B646C536F6A38744D6D6F72417947346A5A436E43666247422B756E6A38515A62646F4E72635046704C4D56323748473454775A36474C53474567767236655877703542376E51617135656174396477646B336E36633544706B3556527534785865764F694B6853497169506F56754D75676662557062693772575A7463497A4E30546E5654357849683032457771524D6B34387968704858412B70775066576D33485370747037353765567169554235366C7837667131426A6F6A743551773857326E575571783871534935534366556761792B33566E74375832665864394E32564A6D586C4E675056697453316A6D2F68385A434334496247666B6262514D48487A4B436966505161525339737732794B46622B2F73793237507149626C784B41307150486D52576E576B454D42316634726166586C38787A45616D5061545A43774E6E614D4B545A4E4952466258797165655573757650714177464F4F4B36714F4E5156595A693776336E41743766375A4F336F39537669326C334E5361684465353342457848353248656F55683173796D30383371556E485144556E384F647956436E306D346471626F715473757237665656326C42353957587045412F6951336C452B5A4C433238713953446F4E71723171316D703778577A645347576D365A51615A4E624C76503862723067705479592B69516748502F4146616A547443486E47754433636F746B6A6E6F376954396A35362B6D3432344654334D76694A7470747655482F413053533350756D72776A7A434F3232655A4D4E7451364B64575231413868393965486977724E483358344C4E79716A613873544756304B576C4F456B4B533631305568535431436751636736424F76416276594E69654A65314C706D79697A534A7A2F384143716F632F44345A2F77434171503135535172376A5851366C53567043304B42536F5A42486B52726C6662635730346C317452537042436B6B656847756962675833644F3958432F5A4E327970506656474C43464A714A4B73713852472F444A56377151454C5035744250656A526F304775626B566566514E75376F72314B51567A6162525A73754D6B444A4C726243314941483341317A4631655A4B714E566D54357269334A456839787831537A6C525556456E4F7570563174743574544C79457251744A53704B686B4B42387752716E6C79646C4A776B33486552764256457230424C6A796E33715844714952436355546B35537042574231386B724767695073676548527979374471752F31307767784D75564868365558526774775545387A6E5879356A362B6F41315A6E614E332F457A63473674383553564C6875754B742B334F622B3243777238563149394F386442362F524F737876355532747674726156745474334562685647353347725A6F73654F4F5552326C4A7734344150494962424F66715272644C5074616E5762624E4B744B6A4E68454F6C786D34725141786E6C4856523979636B2B354F6732616C78756452665543416E35645276786579486F764331757539484A43785A395653435051474D73452F735471576D477730306C4366515931713237566A2F346C3758586274345A435766356C6F6B326C423151364E6C396C5459556673565A2F5451526859374C4662346F7173374653444573617761545232766F6836592B2B36346B662B4F50474A39694E626C75447342594F346C632F6D69704B71394D71796F346976793652555849626B706B5A35573353672F47426B34506D4D394472584F4750622F636131344E7A5864757A546F6450756536703056783648466C4A6B49595969776D4972593778505138355A636477504C7651504D4855326B5A3661435037517371324E76364F69334C536F72464E6774456E75326831576F2B61317150784C55665653695364524E614E436A79716E763574492B6A2B696D495456493748396F45794D737235522B644931506C516237755576486B65756F6766556D31654B43697A4845346833316230696C4F6B39456D54474964522B706235686F4F654F723035326A3161625358782B4A436B4F52312F6D516F70502B3430307A7354393070447A4E2B374E7A4A484D32776C6D34494C5A5079396535664F506371592F625641654B2B78704F33484564754461636C6F746D50584A4436415267636A797539546A3277344E57523748564E572F77434B795335415A64564546747A557A6C704235554E6C54664C7A482F75424767647A6F30614E41614E476A51563975556D7038586C4B69542F783261525A7A6B754332723557486E5A42513474492F7743597053426B2B67314D6B51417947386A3130614E426E74476A526F44526F30614445566A6F2B6A335471454F49496D4E563972716D7765535578664E4E616264486D6C4469696C77665A53656830614E4173587462365254597647416855614968737A364441646B6C4F5233697974784A55666641412F54544B2B41725A6E6244624859796A563278725068307570584A46626B5657596C533358355377546A6D57347053676B64634A4243526B6B44726F30614379756A526F30482F32513D3D, null, null, null, null);

-- ----------------------------
-- Table structure for sys_login_log
-- ----------------------------
DROP TABLE IF EXISTS `sys_login_log`;
CREATE TABLE `sys_login_log` (
  `login_log_id` bigint(20) NOT NULL COMMENT '主键',
  `log_name` varchar(255) COLLATE utf8_bin DEFAULT NULL COMMENT '日志名称',
  `user_id` bigint(20) DEFAULT NULL COMMENT '管理员id',
  `create_time` datetime DEFAULT NULL COMMENT '创建时间',
  `succeed` varchar(255) COLLATE utf8_bin DEFAULT NULL COMMENT '是否执行成功',
  `message` text COLLATE utf8_bin COMMENT '具体消息',
  `ip_address` varchar(255) COLLATE utf8_bin DEFAULT NULL COMMENT '登录ip',
  PRIMARY KEY (`login_log_id`) USING BTREE
) ENGINE=InnoDB DEFAULT CHARSET=utf8 COLLATE=utf8_bin ROW_FORMAT=DYNAMIC COMMENT='登录记录';

-- ----------------------------
-- Records of sys_login_log
-- ----------------------------
INSERT INTO `sys_login_log` VALUES ('1152582068995522562', '登录日志', '1', '2019-07-20 22:12:33', '成功', null, '0:0:0:0:0:0:0:1');
INSERT INTO `sys_login_log` VALUES ('1153290147470934018', '退出日志', '1', '2019-07-22 21:06:12', '成功', null, '0:0:0:0:0:0:0:1');
INSERT INTO `sys_login_log` VALUES ('1153290157054918657', '登录日志', '1', '2019-07-22 21:06:15', '成功', null, '0:0:0:0:0:0:0:1');
INSERT INTO `sys_login_log` VALUES ('1153291800748142594', '登录日志', '1', '2019-07-22 21:12:46', '成功', null, '0:0:0:0:0:0:0:1');

-- ----------------------------
-- Table structure for sys_menu
-- ----------------------------
DROP TABLE IF EXISTS `sys_menu`;
CREATE TABLE `sys_menu` (
  `menu_id` bigint(20) NOT NULL COMMENT '主键id',
  `code` varchar(255) COLLATE utf8_bin DEFAULT NULL COMMENT '菜单编号',
  `pcode` varchar(255) COLLATE utf8_bin DEFAULT NULL COMMENT '菜单父编号',
  `pcodes` varchar(255) COLLATE utf8_bin DEFAULT NULL COMMENT '当前菜单的所有父菜单编号',
  `name` varchar(255) COLLATE utf8_bin DEFAULT NULL COMMENT '菜单名称',
  `icon` varchar(255) COLLATE utf8_bin DEFAULT NULL COMMENT '菜单图标',
  `url` varchar(255) COLLATE utf8_bin DEFAULT NULL COMMENT 'url地址',
  `sort` int(65) DEFAULT NULL COMMENT '菜单排序号',
  `levels` int(65) DEFAULT NULL COMMENT '菜单层级',
  `menu_flag` varchar(32) COLLATE utf8_bin DEFAULT NULL COMMENT '是否是菜单(字典)',
  `description` varchar(255) COLLATE utf8_bin DEFAULT NULL COMMENT '备注',
  `status` varchar(32) COLLATE utf8_bin DEFAULT 'ENABLE' COMMENT '菜单状态(字典)',
  `new_page_flag` varchar(32) COLLATE utf8_bin DEFAULT NULL COMMENT '是否打开新页面的标识(字典)',
  `open_flag` varchar(32) COLLATE utf8_bin DEFAULT NULL COMMENT '是否打开(字典)',
  `create_time` datetime DEFAULT NULL COMMENT '创建时间',
  `update_time` datetime DEFAULT NULL COMMENT '修改时间',
  `create_user` bigint(20) DEFAULT NULL COMMENT '创建人',
  `update_user` bigint(20) DEFAULT NULL COMMENT '修改人',
  PRIMARY KEY (`menu_id`) USING BTREE
) ENGINE=InnoDB DEFAULT CHARSET=utf8 COLLATE=utf8_bin ROW_FORMAT=DYNAMIC COMMENT='菜单表';

-- ----------------------------
-- Records of sys_menu
-- ----------------------------
INSERT INTO `sys_menu` VALUES ('105', 'system', '0', '[0],', '系统管理', 'layui-icon layui-icon-set', '#', '20', '1', 'Y', null, 'ENABLE', null, '1', null, '2019-03-29 16:32:27', null, '1');
INSERT INTO `sys_menu` VALUES ('106', 'mgr', 'system', '[0],[system],', '用户管理', '', '/mgr', '1', '2', 'Y', null, 'ENABLE', null, '0', null, '2019-03-29 16:32:27', null, '1');
INSERT INTO `sys_menu` VALUES ('107', 'mgr_add', 'mgr', '[0],[system],[mgr],', '添加用户', null, '/mgr/add', '1', '3', 'N', null, 'ENABLE', null, '0', null, '2019-03-29 16:32:27', null, '1');
INSERT INTO `sys_menu` VALUES ('108', 'mgr_edit', 'mgr', '[0],[system],[mgr],', '修改用户', null, '/mgr/edit', '2', '3', 'N', null, 'ENABLE', null, '0', null, '2019-03-29 16:32:27', null, '1');
INSERT INTO `sys_menu` VALUES ('109', 'mgr_delete', 'mgr', '[0],[system],[mgr],', '删除用户', null, '/mgr/delete', '3', '3', 'N', null, 'ENABLE', null, '0', null, '2019-03-29 16:32:27', null, '1');
INSERT INTO `sys_menu` VALUES ('110', 'mgr_reset', 'mgr', '[0],[system],[mgr],', '重置密码', null, '/mgr/reset', '4', '3', 'N', null, 'ENABLE', null, '0', null, '2019-03-29 16:32:27', null, '1');
INSERT INTO `sys_menu` VALUES ('111', 'mgr_freeze', 'mgr', '[0],[system],[mgr],', '冻结用户', null, '/mgr/freeze', '5', '3', 'N', null, 'ENABLE', null, '0', null, '2019-03-29 16:32:27', null, '1');
INSERT INTO `sys_menu` VALUES ('112', 'mgr_unfreeze', 'mgr', '[0],[system],[mgr],', '解除冻结用户', null, '/mgr/unfreeze', '6', '3', 'N', null, 'ENABLE', null, '0', null, '2019-03-29 16:32:27', null, '1');
INSERT INTO `sys_menu` VALUES ('113', 'mgr_setRole', 'mgr', '[0],[system],[mgr],', '分配角色', null, '/mgr/setRole', '7', '3', 'N', null, 'ENABLE', null, '0', null, '2019-03-29 16:32:27', null, '1');
INSERT INTO `sys_menu` VALUES ('114', 'role', 'system', '[0],[system],', '角色管理', null, '/role', '2', '2', 'Y', null, 'ENABLE', null, '0', null, '2019-03-29 16:32:27', null, '1');
INSERT INTO `sys_menu` VALUES ('115', 'role_add', 'role', '[0],[system],[role],', '添加角色', null, '/role/add', '1', '3', 'N', null, 'ENABLE', null, '0', null, '2019-03-29 16:32:27', null, '1');
INSERT INTO `sys_menu` VALUES ('116', 'role_edit', 'role', '[0],[system],[role],', '修改角色', null, '/role/edit', '2', '3', 'N', null, 'ENABLE', null, '0', null, '2019-03-29 16:32:27', null, '1');
INSERT INTO `sys_menu` VALUES ('117', 'role_remove', 'role', '[0],[system],[role],', '删除角色', null, '/role/remove', '3', '3', 'N', null, 'ENABLE', null, '0', null, '2019-03-29 16:32:27', null, '1');
INSERT INTO `sys_menu` VALUES ('118', 'role_setAuthority', 'role', '[0],[system],[role],', '配置权限', null, '/role/setAuthority', '4', '3', 'N', null, 'ENABLE', null, '0', null, '2019-03-29 16:32:27', null, '1');
INSERT INTO `sys_menu` VALUES ('119', 'menu', 'system', '[0],[system],', '菜单管理', null, '/menu', '4', '2', 'Y', null, 'ENABLE', null, '0', null, '2019-03-29 16:32:27', null, '1');
INSERT INTO `sys_menu` VALUES ('120', 'menu_add', 'menu', '[0],[system],[menu],', '添加菜单', null, '/menu/add', '1', '3', 'N', null, 'ENABLE', null, '0', null, '2019-03-29 16:32:27', null, '1');
INSERT INTO `sys_menu` VALUES ('121', 'menu_edit', 'menu', '[0],[system],[menu],', '修改菜单', null, '/menu/edit', '2', '3', 'N', null, 'ENABLE', null, '0', null, '2019-03-29 16:32:27', null, '1');
INSERT INTO `sys_menu` VALUES ('122', 'menu_remove', 'menu', '[0],[system],[menu],', '删除菜单', null, '/menu/remove', '3', '3', 'N', null, 'ENABLE', null, '0', null, '2019-03-29 16:32:27', null, '1');
INSERT INTO `sys_menu` VALUES ('128', 'log', 'system', '[0],[system],', '业务日志', null, '/log', '6', '2', 'Y', null, 'ENABLE', null, '0', null, '2019-03-29 16:32:27', null, '1');
INSERT INTO `sys_menu` VALUES ('130', 'druid', 'system', '[0],[system],', '监控管理', null, '/druid', '7', '2', 'Y', null, 'ENABLE', null, null, null, '2019-03-29 16:32:27', null, '1');
INSERT INTO `sys_menu` VALUES ('131', 'dept', 'system', '[0],[system],', '部门管理', null, '/dept', '3', '2', 'Y', null, 'ENABLE', null, null, null, '2019-03-29 16:32:27', null, '1');
INSERT INTO `sys_menu` VALUES ('132', 'dict', 'system', '[0],[system],', '字典管理', '', '/dictType', '4', '2', 'Y', null, 'ENABLE', null, null, null, '2019-03-29 16:32:27', null, '1');
INSERT INTO `sys_menu` VALUES ('133', 'loginLog', 'system', '[0],[system],', '登录日志', null, '/loginLog', '6', '2', 'Y', null, 'ENABLE', null, null, null, '2019-03-29 16:32:27', null, '1');
INSERT INTO `sys_menu` VALUES ('134', 'log_clean', 'log', '[0],[system],[log],', '清空日志', null, '/log/delLog', '3', '3', 'N', null, 'ENABLE', null, null, null, '2019-03-29 16:32:27', null, '1');
INSERT INTO `sys_menu` VALUES ('135', 'dept_add', 'dept', '[0],[system],[dept],', '添加部门', null, '/dept/add', '1', '3', 'N', null, 'ENABLE', null, null, null, '2019-03-29 16:32:27', null, '1');
INSERT INTO `sys_menu` VALUES ('136', 'dept_update', 'dept', '[0],[system],[dept],', '修改部门', null, '/dept/update', '1', '3', 'N', null, 'ENABLE', null, null, null, '2019-03-29 16:32:27', null, '1');
INSERT INTO `sys_menu` VALUES ('137', 'dept_delete', 'dept', '[0],[system],[dept],', '删除部门', null, '/dept/delete', '1', '3', 'N', null, 'ENABLE', null, null, null, '2019-03-29 16:32:27', null, '1');
INSERT INTO `sys_menu` VALUES ('138', 'dict_add', 'dict', '[0],[system],[dict],', '添加字典', null, '/dictType/addItem', '1', '3', 'N', null, 'ENABLE', null, null, null, '2019-03-29 16:32:27', null, '1');
INSERT INTO `sys_menu` VALUES ('139', 'dict_update', 'dict', '[0],[system],[dict],', '修改字典', null, '/dictType/editItem', '1', '3', 'N', null, 'ENABLE', null, null, null, '2019-03-29 16:32:27', null, '1');
INSERT INTO `sys_menu` VALUES ('140', 'dict_delete', 'dict', '[0],[system],[dict],', '删除字典', null, '/dictType/delete', '1', '3', 'N', null, 'ENABLE', null, null, null, '2019-03-29 16:32:27', null, '1');
INSERT INTO `sys_menu` VALUES ('141', 'notice', 'system', '[0],[system],', '通知管理', null, '/notice', '9', '2', 'Y', null, 'ENABLE', null, null, null, '2019-03-29 16:32:27', null, '1');
INSERT INTO `sys_menu` VALUES ('142', 'notice_add', 'notice', '[0],[system],[notice],', '添加通知', null, '/notice/add', '1', '3', 'N', null, 'ENABLE', null, null, null, '2019-03-29 16:32:27', null, '1');
INSERT INTO `sys_menu` VALUES ('143', 'notice_update', 'notice', '[0],[system],[notice],', '修改通知', null, '/notice/update', '2', '3', 'N', null, 'ENABLE', null, null, null, '2019-03-29 16:32:27', null, '1');
INSERT INTO `sys_menu` VALUES ('144', 'notice_delete', 'notice', '[0],[system],[notice],', '删除通知', null, '/notice/delete', '3', '3', 'N', null, 'ENABLE', null, null, null, '2019-03-29 16:32:27', null, '1');
INSERT INTO `sys_menu` VALUES ('145', 'sys_message', 'dashboard', '[0],[dashboard],', '消息通知', 'layui-icon layui-icon-tips', '/system/notice', '30', '2', 'Y', null, 'ENABLE', null, null, null, '2019-04-08 22:49:39', null, '1');
INSERT INTO `sys_menu` VALUES ('149', 'api_mgr', 'dev_tools', '[0],[dev_tools],', '接口文档', 'fa-leaf', '/swagger-ui.html', '2', '2', 'Y', null, 'ENABLE', null, null, null, '2019-04-08 22:55:06', null, '1');
INSERT INTO `sys_menu` VALUES ('150', 'to_menu_edit', 'menu', '[0],[system],[menu],', '菜单编辑跳转', '', '/menu/menu_edit', '4', '3', 'N', null, 'ENABLE', null, null, null, '2019-03-29 16:32:27', null, '1');
INSERT INTO `sys_menu` VALUES ('151', 'menu_list', 'menu', '[0],[system],[menu],', '菜单列表', '', '/menu/list', '5', '3', 'N', null, 'ENABLE', null, null, null, '2019-03-29 16:32:27', null, '1');
INSERT INTO `sys_menu` VALUES ('152', 'to_dept_update', 'dept', '[0],[system],[dept],', '修改部门跳转', '', '/dept/dept_update', '4', '3', 'N', null, 'ENABLE', null, null, null, '2019-03-29 16:32:27', null, '1');
INSERT INTO `sys_menu` VALUES ('153', 'dept_list', 'dept', '[0],[system],[dept],', '部门列表', '', '/dept/list', '5', '3', 'N', null, 'ENABLE', null, null, null, '2019-03-29 16:32:27', null, '1');
INSERT INTO `sys_menu` VALUES ('154', 'dept_detail', 'dept', '[0],[system],[dept],', '部门详情', '', '/dept/detail', '6', '3', 'N', null, 'ENABLE', null, null, null, '2019-03-29 16:32:27', null, '1');
INSERT INTO `sys_menu` VALUES ('155', 'to_dict_edit', 'dict', '[0],[system],[dict],', '修改菜单跳转', '', '/dict/dict_edit', '4', '3', 'N', null, 'ENABLE', null, null, null, '2019-03-29 16:32:27', null, '1');
INSERT INTO `sys_menu` VALUES ('156', 'dict_list', 'dict', '[0],[system],[dict],', '字典列表', '', '/dict/list', '5', '3', 'N', null, 'ENABLE', null, null, null, '2019-03-29 16:32:27', null, '1');
INSERT INTO `sys_menu` VALUES ('157', 'dict_detail', 'dict', '[0],[system],[dict],', '字典详情', '', '/dict/detail', '6', '3', 'N', null, 'ENABLE', null, null, null, '2019-03-29 16:32:27', null, '1');
INSERT INTO `sys_menu` VALUES ('158', 'log_list', 'log', '[0],[system],[log],', '日志列表', '', '/log/list', '2', '3', 'N', null, 'ENABLE', null, null, null, '2019-03-29 16:32:27', null, '1');
INSERT INTO `sys_menu` VALUES ('159', 'log_detail', 'log', '[0],[system],[log],', '日志详情', '', '/log/detail', '3', '3', 'N', null, 'ENABLE', null, null, null, '2019-03-29 16:32:27', null, '1');
INSERT INTO `sys_menu` VALUES ('160', 'del_login_log', 'loginLog', '[0],[system],[loginLog],', '清空登录日志', '', '/loginLog/delLoginLog', '1', '3', 'N', null, 'ENABLE', null, null, null, '2019-03-29 16:32:27', null, '1');
INSERT INTO `sys_menu` VALUES ('161', 'login_log_list', 'loginLog', '[0],[system],[loginLog],', '登录日志列表', '', '/loginLog/list', '2', '3', 'N', null, 'ENABLE', null, null, null, '2019-03-29 16:32:27', null, '1');
INSERT INTO `sys_menu` VALUES ('162', 'to_role_edit', 'role', '[0],[system],[role],', '修改角色跳转', '', '/role/role_edit', '5', '3', 'N', null, 'ENABLE', null, null, null, '2019-03-29 16:32:27', null, '1');
INSERT INTO `sys_menu` VALUES ('163', 'to_role_assign', 'role', '[0],[system],[role],', '角色分配跳转', '', '/role/role_assign', '6', '3', 'N', null, 'ENABLE', null, null, null, '2019-03-29 16:32:27', null, '1');
INSERT INTO `sys_menu` VALUES ('164', 'role_list', 'role', '[0],[system],[role],', '角色列表', '', '/role/list', '7', '3', 'N', null, 'ENABLE', null, null, null, '2019-03-29 16:32:27', null, '1');
INSERT INTO `sys_menu` VALUES ('165', 'to_assign_role', 'mgr', '[0],[system],[mgr],', '分配角色跳转', '', '/mgr/role_assign', '8', '3', 'N', null, 'ENABLE', null, null, null, '2019-03-29 16:32:27', null, '1');
INSERT INTO `sys_menu` VALUES ('166', 'to_user_edit', 'mgr', '[0],[system],[mgr],', '编辑用户跳转', '', '/mgr/user_edit', '9', '3', 'N', null, 'ENABLE', null, null, null, '2019-03-29 16:32:27', null, '1');
INSERT INTO `sys_menu` VALUES ('167', 'mgr_list', 'mgr', '[0],[system],[mgr],', '用户列表', '', '/mgr/list', '10', '3', 'N', null, 'ENABLE', null, null, null, '2019-03-29 16:32:27', null, '1');
INSERT INTO `sys_menu` VALUES ('171', 'dev_tools', '0', '[0],', 'API管理', 'layui-icon layui-icon-code-circle', '#', '30', '1', 'Y', null, 'ENABLE', null, null, null, '2019-04-08 22:55:06', null, '1');
INSERT INTO `sys_menu` VALUES ('172', 'dashboard', '0', '[0],', '主控面板', 'layui-icon layui-icon-home', '#', '10', '1', 'Y', null, 'ENABLE', null, null, null, '2019-04-08 22:48:15', null, '1');
INSERT INTO `sys_menu` VALUES ('1111545968697860098', 'console', 'dashboard', '[0],[dashboard],', '项目介绍', '', '/system/console', '10', '2', 'Y', null, 'ENABLE', null, null, '2019-03-29 16:29:45', '2019-04-09 20:57:08', '1', '1');
INSERT INTO `sys_menu` VALUES ('1111546189892870145', 'console2', 'dashboard', '[0],[dashboard],', '统计报表', '', '/system/console2', '20', '2', 'Y', null, 'ENABLE', null, null, '2019-03-29 16:30:38', '2019-04-08 22:49:48', '1', '1');

-- ----------------------------
-- Table structure for sys_notice
-- ----------------------------
DROP TABLE IF EXISTS `sys_notice`;
CREATE TABLE `sys_notice` (
  `notice_id` bigint(20) NOT NULL COMMENT '主键',
  `title` varchar(255) COLLATE utf8_bin DEFAULT NULL COMMENT '标题',
  `content` text COLLATE utf8_bin COMMENT '内容',
  `create_time` datetime DEFAULT NULL COMMENT '创建时间',
  `create_user` bigint(20) DEFAULT NULL COMMENT '创建人',
  `update_time` datetime DEFAULT NULL COMMENT '修改时间',
  `update_user` bigint(20) DEFAULT NULL COMMENT '修改人',
  PRIMARY KEY (`notice_id`) USING BTREE
) ENGINE=InnoDB DEFAULT CHARSET=utf8 COLLATE=utf8_bin ROW_FORMAT=DYNAMIC COMMENT='通知表';

-- ----------------------------
-- Records of sys_notice
-- ----------------------------
INSERT INTO `sys_notice` VALUES ('6', '欢迎', 0xE6ACA2E8BF8EE4BDBFE794A8E783ADE9878FE7AEA1E79086E7B3BBE7BB9F, '2017-01-11 08:53:20', '1', '2018-12-28 23:24:48', '1');
INSERT INTO `sys_notice` VALUES ('8', '你好', 0xE4BDA0E5A5BDEFBC8CE4B896E7958CEFBC81, '2017-05-10 19:28:57', '1', '2018-12-28 23:28:26', '1');

-- ----------------------------
-- Table structure for sys_operation_log
-- ----------------------------
DROP TABLE IF EXISTS `sys_operation_log`;
CREATE TABLE `sys_operation_log` (
  `operation_log_id` bigint(20) NOT NULL COMMENT '主键',
  `log_type` varchar(32) COLLATE utf8_bin DEFAULT NULL COMMENT '日志类型(字典)',
  `log_name` varchar(255) COLLATE utf8_bin DEFAULT NULL COMMENT '日志名称',
  `user_id` bigint(65) DEFAULT NULL COMMENT '用户id',
  `class_name` varchar(255) COLLATE utf8_bin DEFAULT NULL COMMENT '类名称',
  `method` text COLLATE utf8_bin COMMENT '方法名称',
  `create_time` datetime DEFAULT NULL COMMENT '创建时间',
  `succeed` varchar(32) COLLATE utf8_bin DEFAULT NULL COMMENT '是否成功(字典)',
  `message` text COLLATE utf8_bin COMMENT '备注',
  PRIMARY KEY (`operation_log_id`) USING BTREE
) ENGINE=InnoDB DEFAULT CHARSET=utf8 COLLATE=utf8_bin ROW_FORMAT=DYNAMIC COMMENT='操作日志';

-- ----------------------------
-- Records of sys_operation_log
-- ----------------------------
INSERT INTO `sys_operation_log` VALUES ('1153290007699947522', '业务日志', '修改管理员', '1', 'modular.system.controller.UserMgrController', 0x65646974, '2019-07-22 21:05:39', '成功', 0xE8B4A6E58FB73D61646D696E3B3B3BE5AD97E6AEB5E5908DE7A7B03AE5908DE5AD972CE697A7E580BC3A7374796C6566656E672CE696B0E580BC3A6C697579616E67);
INSERT INTO `sys_operation_log` VALUES ('1153290064201416705', '业务日志', '修改管理员', '1', 'modular.system.controller.UserMgrController', 0x65646974, '2019-07-22 21:05:53', '成功', 0xE8B4A6E58FB73D61646D696E3B3B3B);
INSERT INTO `sys_operation_log` VALUES ('1153290124179963906', '业务日志', '修改管理员', '1', 'modular.system.controller.UserMgrController', 0x65646974, '2019-07-22 21:06:07', '成功', 0xE8B4A6E58FB73D61646D696E3B3B3B);

-- ----------------------------
-- Table structure for sys_relation
-- ----------------------------
DROP TABLE IF EXISTS `sys_relation`;
CREATE TABLE `sys_relation` (
  `relation_id` bigint(20) NOT NULL COMMENT '主键',
  `menu_id` bigint(20) DEFAULT NULL COMMENT '菜单id',
  `role_id` bigint(20) DEFAULT NULL COMMENT '角色id',
  PRIMARY KEY (`relation_id`) USING BTREE
) ENGINE=InnoDB DEFAULT CHARSET=utf8 COLLATE=utf8_bin ROW_FORMAT=DYNAMIC COMMENT='角色和菜单关联表';

-- ----------------------------
-- Records of sys_relation
-- ----------------------------
INSERT INTO `sys_relation` VALUES ('1071348922291826689', '105', '5');
INSERT INTO `sys_relation` VALUES ('1071348922308603906', '106', '5');
INSERT INTO `sys_relation` VALUES ('1071348922316992514', '107', '5');
INSERT INTO `sys_relation` VALUES ('1071348922321186818', '108', '5');
INSERT INTO `sys_relation` VALUES ('1071348922329575426', '109', '5');
INSERT INTO `sys_relation` VALUES ('1071348922337964034', '110', '5');
INSERT INTO `sys_relation` VALUES ('1071348922342158337', '111', '5');
INSERT INTO `sys_relation` VALUES ('1071348922350546946', '112', '5');
INSERT INTO `sys_relation` VALUES ('1071348922354741249', '113', '5');
INSERT INTO `sys_relation` VALUES ('1071348922363129858', '165', '5');
INSERT INTO `sys_relation` VALUES ('1071348922371518465', '166', '5');
INSERT INTO `sys_relation` VALUES ('1071348922375712770', '167', '5');
INSERT INTO `sys_relation` VALUES ('1071348922384101377', '114', '5');
INSERT INTO `sys_relation` VALUES ('1071348922388295681', '115', '5');
INSERT INTO `sys_relation` VALUES ('1071348922396684289', '116', '5');
INSERT INTO `sys_relation` VALUES ('1071348922405072897', '117', '5');
INSERT INTO `sys_relation` VALUES ('1071348922413461505', '118', '5');
INSERT INTO `sys_relation` VALUES ('1071348922417655810', '162', '5');
INSERT INTO `sys_relation` VALUES ('1071348922426044418', '163', '5');
INSERT INTO `sys_relation` VALUES ('1071348922430238722', '164', '5');
INSERT INTO `sys_relation` VALUES ('1071348922430238723', '119', '5');
INSERT INTO `sys_relation` VALUES ('1071348922447015937', '120', '5');
INSERT INTO `sys_relation` VALUES ('1071348922451210242', '121', '5');
INSERT INTO `sys_relation` VALUES ('1071348922459598850', '122', '5');
INSERT INTO `sys_relation` VALUES ('1071348922463793154', '150', '5');
INSERT INTO `sys_relation` VALUES ('1071348922472181762', '151', '5');
INSERT INTO `sys_relation` VALUES ('1071348922476376065', '128', '5');
INSERT INTO `sys_relation` VALUES ('1071348922480570369', '134', '5');
INSERT INTO `sys_relation` VALUES ('1071348922488958977', '158', '5');
INSERT INTO `sys_relation` VALUES ('1071348922497347586', '159', '5');
INSERT INTO `sys_relation` VALUES ('1071348922501541890', '130', '5');
INSERT INTO `sys_relation` VALUES ('1071348922501541891', '131', '5');
INSERT INTO `sys_relation` VALUES ('1071348922518319106', '135', '5');
INSERT INTO `sys_relation` VALUES ('1071348922526707713', '136', '5');
INSERT INTO `sys_relation` VALUES ('1071348922530902017', '137', '5');
INSERT INTO `sys_relation` VALUES ('1071348922535096321', '152', '5');
INSERT INTO `sys_relation` VALUES ('1071348922543484930', '153', '5');
INSERT INTO `sys_relation` VALUES ('1071348922547679233', '154', '5');
INSERT INTO `sys_relation` VALUES ('1071348922556067841', '132', '5');
INSERT INTO `sys_relation` VALUES ('1071348922560262146', '138', '5');
INSERT INTO `sys_relation` VALUES ('1071348922564456450', '139', '5');
INSERT INTO `sys_relation` VALUES ('1071348922568650754', '140', '5');
INSERT INTO `sys_relation` VALUES ('1071348922577039361', '155', '5');
INSERT INTO `sys_relation` VALUES ('1071348922577039362', '156', '5');
INSERT INTO `sys_relation` VALUES ('1071348922577039363', '157', '5');
INSERT INTO `sys_relation` VALUES ('1071348922602205185', '133', '5');
INSERT INTO `sys_relation` VALUES ('1071348922610593794', '160', '5');
INSERT INTO `sys_relation` VALUES ('1071348922610593795', '161', '5');
INSERT INTO `sys_relation` VALUES ('1071348922618982402', '141', '5');
INSERT INTO `sys_relation` VALUES ('1071348922627371009', '142', '5');
INSERT INTO `sys_relation` VALUES ('1071348922631565313', '143', '5');
INSERT INTO `sys_relation` VALUES ('1071348922639953922', '144', '5');
INSERT INTO `sys_relation` VALUES ('1135205146879512577', '105', '1');
INSERT INTO `sys_relation` VALUES ('1135205146892095489', '106', '1');
INSERT INTO `sys_relation` VALUES ('1135205146900484098', '107', '1');
INSERT INTO `sys_relation` VALUES ('1135205146908872705', '108', '1');
INSERT INTO `sys_relation` VALUES ('1135205146921455618', '109', '1');
INSERT INTO `sys_relation` VALUES ('1135205146925649921', '110', '1');
INSERT INTO `sys_relation` VALUES ('1135205146934038529', '111', '1');
INSERT INTO `sys_relation` VALUES ('1135205146934038530', '112', '1');
INSERT INTO `sys_relation` VALUES ('1135205146959204353', '113', '1');
INSERT INTO `sys_relation` VALUES ('1135205146959204354', '165', '1');
INSERT INTO `sys_relation` VALUES ('1135205146971787266', '166', '1');
INSERT INTO `sys_relation` VALUES ('1135205146988564481', '167', '1');
INSERT INTO `sys_relation` VALUES ('1135205146988564482', '114', '1');
INSERT INTO `sys_relation` VALUES ('1135205147005341698', '115', '1');
INSERT INTO `sys_relation` VALUES ('1135205147009536001', '116', '1');
INSERT INTO `sys_relation` VALUES ('1135205147026313218', '117', '1');
INSERT INTO `sys_relation` VALUES ('1135205147034701826', '118', '1');
INSERT INTO `sys_relation` VALUES ('1135205147043090433', '162', '1');
INSERT INTO `sys_relation` VALUES ('1135205147051479042', '163', '1');
INSERT INTO `sys_relation` VALUES ('1135205147055673346', '164', '1');
INSERT INTO `sys_relation` VALUES ('1135205147064061953', '119', '1');
INSERT INTO `sys_relation` VALUES ('1135205147068256258', '120', '1');
INSERT INTO `sys_relation` VALUES ('1135205147076644865', '121', '1');
INSERT INTO `sys_relation` VALUES ('1135205147089227778', '122', '1');
INSERT INTO `sys_relation` VALUES ('1135205147097616386', '150', '1');
INSERT INTO `sys_relation` VALUES ('1135205147101810689', '151', '1');
INSERT INTO `sys_relation` VALUES ('1135205147110199298', '128', '1');
INSERT INTO `sys_relation` VALUES ('1135205147118587906', '134', '1');
INSERT INTO `sys_relation` VALUES ('1135205147126976513', '158', '1');
INSERT INTO `sys_relation` VALUES ('1135205147135365122', '159', '1');
INSERT INTO `sys_relation` VALUES ('1135205147135365123', '130', '1');
INSERT INTO `sys_relation` VALUES ('1135205147152142338', '131', '1');
INSERT INTO `sys_relation` VALUES ('1135205147156336641', '135', '1');
INSERT INTO `sys_relation` VALUES ('1135205147173113857', '136', '1');
INSERT INTO `sys_relation` VALUES ('1135205147181502465', '137', '1');
INSERT INTO `sys_relation` VALUES ('1135205147189891073', '152', '1');
INSERT INTO `sys_relation` VALUES ('1135205147189891074', '153', '1');
INSERT INTO `sys_relation` VALUES ('1135205147202473985', '154', '1');
INSERT INTO `sys_relation` VALUES ('1135205147206668290', '132', '1');
INSERT INTO `sys_relation` VALUES ('1135205147215056897', '138', '1');
INSERT INTO `sys_relation` VALUES ('1135205147223445505', '139', '1');
INSERT INTO `sys_relation` VALUES ('1135205147231834114', '140', '1');
INSERT INTO `sys_relation` VALUES ('1135205147240222721', '155', '1');
INSERT INTO `sys_relation` VALUES ('1135205147244417025', '156', '1');
INSERT INTO `sys_relation` VALUES ('1135205147248611329', '157', '1');
INSERT INTO `sys_relation` VALUES ('1135205147252805634', '133', '1');
INSERT INTO `sys_relation` VALUES ('1135205147261194242', '160', '1');
INSERT INTO `sys_relation` VALUES ('1135205147265388545', '161', '1');
INSERT INTO `sys_relation` VALUES ('1135205147273777153', '141', '1');
INSERT INTO `sys_relation` VALUES ('1135205147277971458', '142', '1');
INSERT INTO `sys_relation` VALUES ('1135205147286360065', '143', '1');
INSERT INTO `sys_relation` VALUES ('1135205147294748674', '144', '1');
INSERT INTO `sys_relation` VALUES ('1135205147298942977', '171', '1');
INSERT INTO `sys_relation` VALUES ('1135205147307331585', '149', '1');
INSERT INTO `sys_relation` VALUES ('1135205147311525890', '172', '1');
INSERT INTO `sys_relation` VALUES ('1135205147315720194', '145', '1');
INSERT INTO `sys_relation` VALUES ('1135205147319914498', '1111545968697860098', '1');
INSERT INTO `sys_relation` VALUES ('1135205147324108802', '1111546189892870145', '1');

-- ----------------------------
-- Table structure for sys_role
-- ----------------------------
DROP TABLE IF EXISTS `sys_role`;
CREATE TABLE `sys_role` (
  `role_id` bigint(20) NOT NULL COMMENT '主键id',
  `pid` bigint(20) DEFAULT NULL COMMENT '父角色id',
  `name` varchar(255) COLLATE utf8_bin DEFAULT NULL COMMENT '角色名称',
  `description` varchar(255) COLLATE utf8_bin DEFAULT NULL COMMENT '提示',
  `sort` int(11) DEFAULT NULL COMMENT '序号',
  `version` int(11) DEFAULT NULL COMMENT '乐观锁',
  `create_time` datetime DEFAULT NULL COMMENT '创建时间',
  `update_time` datetime DEFAULT NULL COMMENT '修改时间',
  `create_user` bigint(20) DEFAULT NULL COMMENT '创建用户',
  `update_user` bigint(20) DEFAULT NULL COMMENT '修改用户',
  PRIMARY KEY (`role_id`) USING BTREE
) ENGINE=InnoDB DEFAULT CHARSET=utf8 COLLATE=utf8_bin ROW_FORMAT=DYNAMIC COMMENT='角色表';

-- ----------------------------
-- Records of sys_role
-- ----------------------------
INSERT INTO `sys_role` VALUES ('1', '0', '超级管理员', 'administrator', '1', '1', null, null, null, null);
INSERT INTO `sys_role` VALUES ('5', '1', '临时', 'temp', '2', null, null, null, null, null);

-- ----------------------------
-- Table structure for sys_user
-- ----------------------------
DROP TABLE IF EXISTS `sys_user`;
CREATE TABLE `sys_user` (
  `user_id` bigint(20) NOT NULL COMMENT '主键id',
  `avatar` varchar(255) COLLATE utf8_bin DEFAULT NULL COMMENT '头像',
  `account` varchar(45) COLLATE utf8_bin DEFAULT NULL COMMENT '账号',
  `password` varchar(45) COLLATE utf8_bin DEFAULT NULL COMMENT '密码',
  `salt` varchar(45) COLLATE utf8_bin DEFAULT NULL COMMENT 'md5密码盐',
  `name` varchar(45) COLLATE utf8_bin DEFAULT NULL COMMENT '名字',
  `birthday` datetime DEFAULT NULL COMMENT '生日',
  `sex` varchar(32) COLLATE utf8_bin DEFAULT NULL COMMENT '性别(字典)',
  `email` varchar(45) COLLATE utf8_bin DEFAULT NULL COMMENT '电子邮件',
  `phone` varchar(45) COLLATE utf8_bin DEFAULT NULL COMMENT '电话',
  `role_id` varchar(255) COLLATE utf8_bin DEFAULT NULL COMMENT '角色id(多个逗号隔开)',
  `dept_id` bigint(20) DEFAULT NULL COMMENT '部门id(多个逗号隔开)',
  `status` varchar(32) COLLATE utf8_bin DEFAULT NULL COMMENT '状态(字典)',
  `create_time` datetime DEFAULT NULL COMMENT '创建时间',
  `create_user` bigint(20) DEFAULT NULL COMMENT '创建人',
  `update_time` datetime DEFAULT NULL COMMENT '更新时间',
  `update_user` bigint(20) DEFAULT NULL COMMENT '更新人',
  `version` int(11) DEFAULT NULL COMMENT '乐观锁',
  PRIMARY KEY (`user_id`) USING BTREE
) ENGINE=InnoDB DEFAULT CHARSET=utf8 COLLATE=utf8_bin ROW_FORMAT=DYNAMIC COMMENT='管理员表';

-- ----------------------------
-- Records of sys_user
-- ----------------------------
INSERT INTO `sys_user` VALUES ('1', '1', 'admin', '1d6b1208c7d151d335790276a18e3d99', 'q6taw', 'liuyang', '2018-11-16 00:00:00', 'M', 'sn93@qq.com', '18200000000', '1', '27', 'ENABLE', '2016-01-29 08:49:53', null, '2019-07-22 21:06:07', '24', '25');
